chr	coordinate	ID	ref	alt	qual	filt	Consequence	SYMBOL	HGNC_ID	Gene	INTRON	HGVSc	STRAND	ConSplice	MES-SWA_acceptor_diff	MES-SWA_acceptor_alt	MES-SWA_donor_diff	MES-SWA_donor_alt	ALLELE	GENE_ID	DS_AG	RS_AG	DP_AG	DS_AL	RS_AL	DP_AL	DS_DG	RS_DG	DP_DG	DS_DL	RS_DL	DP_DL	PD_ID	PDIVAS
X	32644714	NM_004006.3:c.1149+250C>T-Falzarano_et_al._2021&Donor-side&pseudo-exon	G	A		PASS	upstream_gene_variant	MIR548F5	HGNC:35309	ENSG00000221348			-1	0.967128792856175	-0.751	-4.624	-7.754	6.456	.	.	.	.	.	.	.	.	.	.	.	.	.	.	.	.
X	32644714	NM_004006.3:c.1149+250C>T-Falzarano_et_al._2021&Donor-side&pseudo-exon	G	A		PASS	intron_variant	DMD	HGNC:2928	ENSG00000198947	10/78	ENST00000357033.9:c.1149+250C>T	-1	0.967128792856175	-0.751	-4.624	-7.754	6.456	A	ENSG00000198947	0.33	0.38	142	0.00	0.00	-149	0.37	0.37	2	0.00	0.00	-23	ENSG00000198947	0.875
1	97579893	NM_000110.4:c.1129-5923C>G-Van_Kuilenburg_et_al._2010&Donor-side&pseudo-exon	G	C		PASS	intron_variant	DPYD	HGNC:3012	ENSG00000188641	10/22	ENST00000370192.8:c.1129-5923C>G	-1	0.0019334947439514	-1.558	-3.781	-8.273	8.680	C	ENSG00000188641	0.68	0.68	44	0.00	0.00	-40	0.77	0.77	1	0.00	0.00	-31	ENSG00000188641	0.701
11	47419927	NM_002804.5:c.1127+337A>G-Kr?ll-Hermi_et_al._2020&Donor-side&pseudo-exon	T	C		PASS	downstream_gene_variant	SLC39A13	HGNC:20859	ENSG00000165915			1	0.0666285780117037	0.730	-0.547	-1.250	-6.898	.	.	.	.	.	.	.	.	.	.	.	.	.	.	.	.
11	47419927	NM_002804.5:c.1127+337A>G-Kr?ll-Hermi_et_al._2020&Donor-side&pseudo-exon	T	C		PASS	intron_variant	PSMC3	HGNC:9549	ENSG00000165916	10/11	ENST00000298852.8:c.1127+337A>G	-1	0.0666285780117037	0.350	4.743	-8.182	9.802	C	ENSG00000165916	0.87	0.93	114	0.00	0.00	-3	0.85	0.85	1	0.00	0.00	-3	ENSG00000165916	0.994
11	47419927	NM_002804.5:c.1127+337A>C-Di_Scipio_et_al._2020&Upstream_of_acceptor&pseudo-exon	T	G		PASS	intron_variant	PSMC3	HGNC:9549	ENSG00000165916	10/11	ENST00000298852.8:c.1127+337A>C	-1	0.0666285780117037	-0.223	5.316	0.091	1.529	G	ENSG00000165916	0.00	0.00	-76	0.00	0.00	114	0.00	0.00	-19	0.00	0.00	1	ENSG00000165916	0.0
11	47419927	NM_002804.5:c.1127+337A>C-Di_Scipio_et_al._2020&Upstream_of_acceptor&pseudo-exon	T	G		PASS	downstream_gene_variant	SLC39A13	HGNC:20859	ENSG00000165915			1	0.0666285780117037	-8.598	-4.936	-9.138	-5.302	.	.	.	.	.	.	.	.	.	.	.	.	.	.	.	.
5	148411297	NM_030793.5:c.1093+532C>G-Saferali_et_al._2019&Downstream_of_donor&pseudo-exon	C	G		PASS	intron_variant	FBXO38	HGNC:28844	ENSG00000145868	9/21	ENST00000340253.10:c.1093+532C>G	1	0.9678414265368328	1.266	-1.254	-7.480	-5.983	G	ENSG00000145868	0.02	0.58	-217	0.00	0.00	-73	0.01	0.60	-59	0.00	0.00	-158	ENSG00000145868	0.002
9	34649954	NM_000155.4:c.1059+390A>G-Latchman_et_al._2020&Acceptor-side&pseudo-exon	A	G		PASS	intron_variant	GALT	HGNC:4135	ENSG00000213930	10/10	ENST00000378842.8:c.1059+390A>G	1	0.9587385346514667	-8.750	2.656	-8.182	-3.872	G	ENSG00000213930	0.25	0.25	1	0.00	0.00	8	0.11	0.18	187	0.00	0.00	-187	ENSG00000213930	0.248
9	34649954	NM_000155.4:c.1059+390A>G-Latchman_et_al._2020&Acceptor-side&pseudo-exon	A	G		PASS	upstream_gene_variant	IL11RA	HGNC:5967	ENSG00000137070			1	0.9587385346514667	-8.750	2.656	-8.182	-3.872	.	.	.	.	.	.	.	.	.	.	.	.	.	.	.	.
7	117540231	NM_000492.4:c.1002?1113_1002-1110delGAAT-Faa_et_al._2009&Exonic&pseudo-exon	GG	G		PASS	frameshift_variant	CFTR	HGNC:1884	ENSG00000001626		ENST00000003084.11:c.1002del	1	0.0268386634793986	0.142	-5.853	9.513	-10.807	G	ENSG00000001626	0.00	0.00	81	0.00	0.00	-60	0.00	0.01	-60	0.02	0.87	115	None:out_of_scope
